gene	position
TRAV1-1	0
TRAV1-2	1
TRAV2	2
TRAV3	3
TRAV4	4
TRAV5	5
TRAV6	6
TRAV7	7
TRAV8-1	8
TRAV9-1	9
TRAV10	10
TRAV12-1	11
TRAV8-2	12
TRAV8-3	13
TRAV13-1	14
TRAV12-2	15
TRAV8-4	16
TRAV13-2	17
TRAV14/DV4	18
TRAV14	19
TRAV9-2	20
TRAV12-3	21
TRAV8-6	22
TRAV16	23
TRAV17	24
TRAV18	25
TRAV19	26
TRAV20	27
TRAV21	28
TRAV22	29
TRAV23	30
TRAV23/DV6	31
TRAV24	32
TRAV25	33
TRAV26-1	34
TRAV8-7	35
TRAV27	36
TRAV29/DV5	37
TRAV29	38
TRAV30	39
TRAV30-2	40
TRAV26-2	41
TRAV34	42
TRAV35	43
TRAV36/DV7	44
TRAV36	45
TRAV38-1	46
TRAV38-2/DV8	47
TRAV38-2	48
TRAV39	49
TRAV40	50
TRAV41	51
TRAJ61	52
TRAJ59	53
TRAJ58	54
TRAJ57	55
TRAJ56	56
TRAJ54	57
TRAJ53	58
TRAJ52	59
TRAJ50	60
TRAJ49	61
TRAJ48	62
TRAJ47	63
TRAJ46	64
TRAJ45	65
TRAJ44	66
TRAJ43	67
TRAJ42	68
TRAJ41	69
TRAJ40	70
TRAJ39	71
TRAJ38	72
TRAJ37	73
TRAJ36	74
TRAJ35	75
TRAJ34	76
TRAJ33	77
TRAJ32	78
TRAJ31	79
TRAJ30	80
TRAJ29	81
TRAJ28	82
TRAJ27	83
TRAJ26	84
TRAJ25	85
TRAJ24	86
TRAJ23	87
TRAJ22	88
TRAJ21	89
TRAJ20	90
TRAJ19	91
TRAJ18	92
TRAJ17	93
TRAJ16	94
TRAJ15	95
TRAJ14	96
TRAJ13	97
TRAJ12	98
TRAJ11	99
TRAJ10	100
TRAJ9	101
TRAJ8	102
TRAJ7	103
TRAJ6	104
TRAJ5	105
TRAJ4	106
TRAJ3	107
TRAJ2	108
TRAJ1	109
